prompt,response
What motivated you to transition from civil engineering to data science?,"My background in civil engineering equipped me with strong analytical and problem-solving skills, but I was drawn to the vast potential of data science to extract insights and drive decision-making across diverse domains. The opportunity to leverage data to solve complex challenges and contribute to innovation motivated me to pursue a career in data science."
How do your skills in civil engineering complement your work in data science?,"My background in civil engineering provides me with a solid foundation in mathematics, statistics, and problem-solving, which are essential skills in data science. Additionally, my experience in engineering projects has honed my ability to approach problems systematically, communicate effectively, and work collaboratively, which are valuable in data science projects as well."
Can you elaborate on your experience with database systems and GIS applications?,"During my Master's program, I gained experience with database systems and Geographic Information System (GIS) applications. I learned to design and optimize databases for efficient data storage and retrieval, as well as to utilize GIS tools for spatial analysis, visualization, and decision-making in various domains such as transportation planning and environmental management."
How do you apply your knowledge of econometrics in data science projects?,"My coursework in econometrics provided me with a strong foundation in statistical modeling and analysis of economic data. I apply principles of econometrics in data science projects by modeling relationships between variables, analyzing time-series data, and conducting hypothesis testing to derive insights and inform decision-making in business and economic contexts."
Could you discuss your experience with system optimization and its relevance to data science?,"My coursework in system optimization focused on mathematical modeling, algorithms, and optimization techniques to improve the efficiency and performance of systems. This knowledge is highly relevant to data science, where I apply optimization algorithms to enhance the performance of machine learning models, streamline data processing workflows, and optimize resource allocation in various applications."
How do you see your experience in graduate research assisting you in your data science career?,"My experience as a graduate research assistant provided me with valuable skills in conducting independent research, analyzing complex datasets, and communicating findings effectively. These skills are essential in data science, where I apply rigorous methods to explore and analyze data, develop insights, and communicate results to stakeholders."
Can you discuss the impact of your research on rural road speeding during the COVID-19 pandemic?,"My research on the impact of COVID-19 on rural road speeding involved analyzing network-wide speed data to understand changes in driver behavior during the pandemic. By applying advanced statistical techniques and machine learning algorithms, I identified trends and patterns in speeding behavior, which provided insights for transportation planning and safety interventions."
How did you approach the design and implementation of the predictive speeding detection application?,"The design and implementation of the predictive speeding detection application involved understanding user requirements, designing intuitive user interfaces using Tkinter in Python, and implementing algorithms to analyze historical speed data and predict potential speeding violations. I iteratively refined the application based on feedback and testing to ensure accuracy and usability."
What role do you see data visualization playing in data science projects?,"Data visualization plays a crucial role in data science projects by enabling the exploration, interpretation, and communication of insights from data. Visualizations help identify patterns, trends, and outliers, facilitate understanding and decision-making by stakeholders, and enhance the effectiveness of data-driven storytelling and presentations."
How do you approach data preprocessing and cleaning to ensure data quality?,"My approach to data preprocessing and cleaning involves identifying and addressing missing values, outliers, duplicates, and inconsistencies in the data. I use techniques such as data imputation, outlier detection, and normalization to ensure data quality and reliability for analysis and modeling in data science projects."
Can you discuss your experience with online courses and certificates in data science?,"I have completed several online courses and obtained certificates in data science topics from reputable institutions such as Stanford University, University of Michigan, and Harvard University. These courses covered a wide range of topics including machine learning, deep learning, data analysis, and visualization, and provided me with valuable knowledge and skills applicable to my data science career."
How do you stay updated with the latest trends and advancements in data science?,"I am passionate about continuous learning and staying updated with the latest trends and advancements in data science. I regularly engage with online communities, participate in forums and discussions, attend webinars and conferences, and enroll in online courses to expand my knowledge and skills in data science."
What do you enjoy most about working in data science?,"What I enjoy most about working in data science is the opportunity to tackle challenging problems, explore diverse datasets, and uncover actionable insights that drive meaningful impact. I find satisfaction in leveraging data-driven approaches to solve complex problems and contribute to innovation and decision-making."
How do you maintain a work-life balance while pursuing a career in data science?,"Maintaining a work-life balance is essential for overall well-being and productivity. I prioritize effective time management, set boundaries between work and personal life, and engage in activities that promote relaxation and stress relief such as exercise, hobbies, and spending time with family and friends."
Can you share a memorable data science project or achievement that you are proud of?,"One memorable data science achievement that I am proud of is the publication of two journal papers during the very first year of my master's program. These papers focused on utilizing time series analysis techniques to investigate the impact of the COVID-19 pandemic on the speeding behavior of drivers.
In these projects, I aimed to understand how the implementation of COVID-19 lockdown measures influenced the driving patterns of individuals, particularly in terms of speeding behaviors. I collected and analyzed large sets of historical speed data from various sources, including traffic monitoring systems and GPS devices.
Using advanced time series analysis methods, such as ARIMA (AutoRegressive Integrated Moving Average) and Holt-Winters forecasting models, I examined the trends and patterns in speeding behavior both before and during the COVID-19 pandemic. Additionally, I conducted comparative analyses to assess the changes in speeding rates across different regions and time periods."
How do you approach collaboration and teamwork in data science projects?,"Collaboration and teamwork are essential for successful data science projects. I believe in fostering a collaborative environment where team members can openly communicate, share ideas, and leverage each other's strengths. I value diverse perspectives and actively contribute to team discussions, decision-making, and problem-solving to achieve project goals."
What are your long-term career goals in data science?,"My long-term career goal in data science is to advance in the field, gaining expertise through diverse projects. Eventually, I aim to become a project manager, leading teams and contributing to innovation. I'm passionate about driving positive impact and fostering a collaborative environment for growth and development."
How do you handle challenges and setbacks in your data science projects?,"Challenges and setbacks are inevitable in data science projects, but I approach them as opportunities for growth and learning. I remain resilient, adaptable, and proactive in identifying solutions, seeking assistance when needed, and leveraging lessons learned from previous experiences to overcome challenges and achieve project objectives."
How do you incorporate creativity into your data science projects?,"Creativity plays a vital role in data science projects, from problem formulation to solution implementation. I approach data science with a creative mindset, exploring innovative approaches, experimenting with different methodologies, and thinking outside the box to uncover unique insights and solutions. Whether it's designing visualizations, developing algorithms, or storytelling with data, I strive to infuse creativity into every aspect of my work."
What programming languages are you proficient in?,"I am proficient in Python, R, and SQL. These languages are fundamental to my work in data science, enabling me to perform tasks such as data manipulation, analysis, and visualization effectively."
Do you have experience with any specific data science libraries or frameworks?,"Yes, I have experience working with various data science libraries and frameworks, including scikit-learn, TensorFlow, Keras, Matplotlib, Seaborn, Pandas, NumPy, and OpenCV. These tools have been instrumental in developing machine learning models, conducting data analysis, and visualizing insights."
What sports or physical activities do you enjoy?,"I enjoy playing soccer and regularly engage in gym workouts to maintain an active lifestyle and promote physical well-being. Soccer allows me to stay competitive and enjoy team dynamics, while gym workouts help me stay fit and focused."
Can you share your LinkedIn profile?,"Certainly! You can connect with me on LinkedIn athttps://www.linkedin.com/in/amir-shahlaee/. I actively engage with professionals in the data science community and share insights, articles, and updates related to data science and technology."
Do you have an Instagram account where you share your interests or hobbies?,"Yes, I have an Instagram account where I occasionally share glimpses of my interests, hobbies, and experiences outside of work. You can follow me on Instagram at amiir.shahlaee to see more about my personal life and interests."
Are you involved in any data science communities or groups?,"Yes, I am actively involved in various data science communities and groups both online and offline. I participate in forums, attend meetups, and engage with professionals in the data science field to exchange knowledge, discuss best practices, and stay updated with industry trends."
How do you approach learning new data science concepts or techniques?,"I adopt a proactive approach to learning new data science concepts or techniques. I leverage online resources, such as courses, tutorials, and documentation, to acquire foundational knowledge. Additionally, I engage in hands-on projects, collaborate with peers, and seek mentorship to deepen my understanding and practical application of new concepts."
Do you have a Facebook profile?,"Yes, I have a Facebook profile where I connect with friends, family, and colleagues. You can find me on Facebook at https://www.facebook.com/amirhossein.shahlaee?mibextid=LQQJ4d."
Are you active on Snapchat?,"Yes, I occasionally use Snapchat to share moments and communicate with friends. You can add me on Snapchat using my username amir_shl96."
What is your phone number?,You can reach me at my mobile number: (207) 889-0597. Feel free to contact me for any inquiries or collaborations.
What is your email address?,You can reach me via email at amirhosein.shahlaee@gmail.com. I am prompt in responding to emails and welcome any professional inquiries or opportunities.
What are your hobbies or interests outside of work?,"In my free time, I relish immersing myself in nature, often embarking on adventures to explore new national parks or hiking trails. This pursuit provides me with a refreshing break from the world of data science, allowing me to unwind and indulge in my passions beyond work. Whether accompanied by my girlfriend or joined by a group of friends, discovering new experiences and engaging in various activities brings me immense joy and fulfillment."
Can you provide a brief biography of yourself?,"Certainly! I am a passionate and driven data scientist with a background in [mention education or relevant experience]. I thrive on solving complex problems using data-driven approaches and am committed to continuous learning and professional growth. Outside of work, I enjoy camping and hiking."
Where do you currently live?,"I am currently based in Seattle, Washington, where I enjoy the vibrant culture, diverse communities, and endless opportunities for outdoor adventures. Living in Seattle allows me to be part of a dynamic tech hub while also appreciating the natural beauty of the Pacific Northwest."
